,F1-score,Accuracy,ROC-AUC,Precision,Recall
RandomForest,"(np.float64(0.6908498463266534), np.float64(0.166898481834199))","(np.float64(0.7246341463414634), np.float64(0.14878724494851506))","(np.float64(0.7548124857598542), np.float64(0.1821357169300741))","(np.float64(0.7283934837092731), np.float64(0.1715850463696217))","(np.float64(0.6623157894736842), np.float64(0.1644265111298262))"
XGBoost,"(np.float64(0.7064005286917769), np.float64(0.24585389751273137))","(np.float64(0.7422682926829268), np.float64(0.21547592138061392))","(np.float64(0.7486573251310094), np.float64(0.21264561668060292))","(np.float64(0.7269295802236979), np.float64(0.23112121288595544))","(np.float64(0.6912631578947368), np.float64(0.256949847979584))"
SVM,"(np.float64(0.11621950315165), np.float64(0.2130031253271499))","(np.float64(0.5470243902439024), np.float64(0.035803980848731036))","(np.float64(0.5663483709273183), np.float64(0.07210547924169326))","(np.float64(0.20573949579831935), np.float64(0.2621514140467893))","(np.float64(0.10210526315789474), np.float64(0.19385575926874615))"
NaiveBayes,"(np.float64(0.4105758502401743), np.float64(0.11866787011620979))","(np.float64(0.5796829268292683), np.float64(0.03531734267516088))","(np.float64(0.5979188881294145), np.float64(0.01539392652544868))","(np.float64(0.6599792689549723), np.float64(0.04737543304288657))","(np.float64(0.3758947368421052), np.float64(0.09594515977479283))"
LogisticRegression,"(np.float64(0.5971435703288831), np.float64(0.04925438693839999))","(np.float64(0.5569756097560976), np.float64(0.07523504315951948))","(np.float64(0.6237717019822282), np.float64(0.043769671373381475))","(np.float64(0.5482200192015189), np.float64(0.0695023149234187))","(np.float64(0.7271578947368421), np.float64(0.22706280630156092))"
